{
  "house_location": {
    "precision": 0.8571428571428571,
    "recall": 1.0,
    "f1-score": 0.923076923076923,
    "support": 6,
    "confused_with": {}
  },
  "factory_role": {
    "precision": 1.0,
    "recall": 1.0,
    "f1-score": 1.0,
    "support": 2,
    "confused_with": {}
  },
  "site_type": {
    "precision": 1.0,
    "recall": 1.0,
    "f1-score": 1.0,
    "support": 5,
    "confused_with": {}
  },
  "warehouse_material": {
    "precision": 1.0,
    "recall": 0.875,
    "f1-score": 0.9333333333333333,
    "support": 8,
    "confused_with": {
      "house_location": 1
    }
  },
  "micro avg": {
    "precision": 0.9523809523809523,
    "recall": 0.9523809523809523,
    "f1-score": 0.9523809523809523,
    "support": 21
  },
  "macro avg": {
    "precision": 0.9642857142857143,
    "recall": 0.96875,
    "f1-score": 0.964102564102564,
    "support": 21
  },
  "weighted avg": {
    "precision": 0.9591836734693877,
    "recall": 0.9523809523809523,
    "f1-score": 0.9526251526251526,
    "support": 21
  },
  "accuracy": 0.999124343257443
}